���ID,�ּ�,�����з�,�����з���,�����Ƿ����ڵ�,�����Ƿ����ڵ��,���޽ǿ����,���,���������,���̾൵,�����,��ǥ��ȭ1,���޽���ȭ,����ð�(������)C,����ð�(ȭ����)C,����ð�(������)C,����ð�(�����)C,����ð�(�ݿ���)C,����ð�(�����)C,����ð�(�Ͽ���)C,����ð�(������)C,����ð�(������)S,����ð�(ȭ����)S,����ð�(������)S,����ð�(�����)S,����ð�(�ݿ���)S,����ð�(�����)S,����ð�(�Ͽ���)S,����ð�(������)S,������ȣ1,������ȣ2,�����浵,��������,�۾��ð�
A1100011,"����Ư���� �������� 63�� 10, ���ǵ����𺴿� (���ǵ���)",A,���պ���,G006,���������ǷἾ��,1,�ްԽð� 13:00~14:00,���� ġ���� ���ö�Ʈ ��ö ����ϼ��� �� ġ�ƿ� ���õ� ��� ġ�ᰡ���մϴ�(�������� ���� ����),������ 3�� �ⱸ,���縯���б����ǵ����𺴿�,02-1661-7575,02-3779-1199,1700,1700,1700,1700,1700,1200,1600,1400,900,900,900,900,900,900,1000,930,73,45,126.9367313,37.51827234,15:06.0
A1121013,����Ư���� ���� ���Ϸ� 1021 (������),A,���պ���,G006,���������ǷἾ��,1,�ްԽð� 13:00~14:00,���� ġ���� ���ö�Ʈ ��ö ����ϼ��� �� ġ�ƿ� ���õ� ��� ġ�ᰡ���մϴ�(�������� ���� ����),������ 3�� �ⱸ,���縯���б����򼺸𺴿�,02-1811-7755,02-1811-7755,1700,1700,1700,1700,1700,1200,1600,1400,830,830,830,830,830,830,1000,930,33,12,126.9161505,37.63360841,15:06.0
A1100047,����Ư���� ���Ǳ� ���Ƿ� 242 (��õ��),B,����,G009,���޽ǿ�Ű����,1,���޽����� 07:00-24:00 08/15 ������ �޹�,ȭ���� �߰����� ����� 21�ñ���,������Ա��� 7�� �ⱸ ���� 5��,������������,1661-8267,02-874-7227,1800,1800,1800,1800,1800,1300,1600,1700,900,900,900,900,900,900,1000,900,87,35,126.9567817,37.48561884,15:06.0
A1100141,"����Ư���� ������ ���μ�ȯ�� 2649, ����κ��� (���)",A,���պ���,G009,���޽ǿ�Ű����,1,�ܷ� ���� ��ð� �̿ܿ��� �������а� ������ �ٹ�,"24�ð� ���޽� � �������а� �����ܰ�(��������) �Ű�ܰ�(��ô�� ����) ����(��ȭ��, ��ȯ��) �񴢱��(��ΰἮ, �����������) ����ΰ� ���峻��(������ ��ȯ, ����) ���峻��(����) �Ű��������а�(��������ȯ, ����������) �Ϲݿܰ�(����) �������а�(CT, MRI) ����ȯ�ڽ� 8����",���翪 4�� �ⱸ ���� 5�� �Ÿ�,��������κ���,1544-7522,1544-7522,2359,2359,2359,2359,2359,2359,2359,2359,0,0,0,0,0,0,0,0,62,71,127.0395873,37.48561218,15:06.0
A1100076,"����Ư���� ���Ǳ� ���μ�ȯ�� 1449, ���������� (�Ÿ���)",B,����,G009,���޽ǿ�Ű����,1,"24�ð� ���޽� � ����/�������� 2, 4�� ����� ����",���Ǳ� ��õ�� 187���� ���� ������ ��纴���Դϴ�.,2ȣ�� �Ŵ�濪/�����Ÿ� �α�,����������,02-853-4600,02-853-9100,1800,1800,1800,1800,1800,1300,1600,1600,900,900,900,900,900,900,900,900,87,67,126.9116481,37.48165134,15:06.0
A1100043,����Ư���� ������ ������ 892 (���ϵ�),A,���պ���,G001,�ǿ������ǷἾ��,1,���ɽð� 13:00~14:00,���Ǳ� ��õ�� 187���� ���� ������ ��纴���Դϴ�.,������ 4�� �ⱸ,����������б��Ǵ뺴��,02-440-7114,02-440-7000,1730,1730,1730,1730,1730,1200,1600,1600,830,830,830,830,830,830,900,900,52,78,127.1570848,37.55204593,15:06.0
A1100006,����Ư���� ���α� �����ȷ� 29 (��),A,���պ���,G006,���������ǷἾ��,1,�ްԽð� 13:00~14:00,"�Ͽ��� �� ������ ���� ����, ���ϱ� ����, ����ٿ��˻�, ��������, ���ڸ�����, û���������, ��û��, ��б� �뿩, �̺����İ� 6���� �Ƿ���",���빮�� 4�� �ⱸ,���ϻＺ����,02-2001-2001,02-2001-1000,1700,1700,1700,1700,1700,1230,1300,1300,830,830,830,830,830,830,900,900,31,81,126.9679381,37.56849763,15:06.0
A1121842,"����Ư���� ���ϱ� ������ 187, ����1��, ����1��~����5�� (�̾Ƶ�)",B,����,G009,���޽ǿ�Ű����,1,���ɽð� ����1��~2�� 365�� 24�ð� ���޽� �,"24�ð� ���� �����ܰ� ��������(����, �������յ�)",��ʸ� ��Ÿ��� ���� ��Ÿ� ����,�������亴��,02-986-0334,02-986-0334,2000,1800,1800,2000,1800,1300,1500,1500,900,900,900,900,900,900,800,800,11,70,127.0261845,37.62542056,15:06.0
A1117285,"����Ư���� ������ ���ΰ����� 187, �������̺��� (ȭ�)",B,����,G009,���޽ǿ�Ű����,1,"�����Ƿ��� ���� �Ƿ���(�����Ƿ�ü�)  ���޽� � - ����, �ܻ�, ô��, ���� ��ȯ 24�ð� 365�� ���� ���� �� ����","�������̺����� �����Ƿ��� ���� �Ƿ���(�����Ƿ�ü�)���� 24�ð� 365�� ���޽� �. �߰�, �����Ͽ��� ����, �ܻ�, ����, ô�� ��ȯ�� ���� ���� �� ������ �����մϴ�.  ����, �ܻ�, ����, ô�� ��ȯ�� �������� �ϸ�  3.0T MRI, 1.5T MRI, CT, X-ray, ������ �� ���� ���� ��� ���߰� �ֽ��ϴ�.","ȭ� 6�� �ⱸ, ���ΰ��� ��Ÿ�",�������̺���,02-1833-7530,02-6905-8585,1800,1800,1800,1800,1800,1300,1300,1300,900,900,900,900,900,900,900,900,77,18,126.836699,37.53735762,15:07.0
A1125429,"����Ư���� ���ı� �������з� 252, SHŸ�� 2~8�� (������)",B,����,G009,���޽ǿ�Ű����,1,���� ������ ���� ���� (�Ͽ��� �� ������ ����) ���� 13:00-14:00,���� 17��30�� ��������/,��ġ�� 2�� �ⱸ/��ġž������ 201ȣ,��ö����,02-6287-5500,02-6287-5500,1800,1800,1800,1800,1800,1300,1400,1300,900,900,900,900,900,900,1000,900,55,84,127.0942968,37.50234558,15:07.0
A1100002,����Ư���� ������ �ɵ��� 120-1 (ȭ�絿),A,���պ���,G006,���������ǷἾ��,1,���ɽð�:13~14��,�ǰ������Ƿ�Һ��ڻ�Ȱ��������,"�Ǵ��Ա��� 3,4�� �ⱸ",�Ǳ����б�����,1588-1533,02-2030-5555,1730,1730,1730,1730,1730,1230,1400,1400,830,830,830,830,830,830,1000,1000,50,30,127.0721229,37.54084479,15:07.0
A1100039,"����Ư���� ���ı� ���̷� 123, ������������ (������)",A,���պ���,G007,���������Ƿ���,1,�����ǷἾ�� - 24�ð� ����,"���Ǻ����� ���� �߳���� �ù��������Դϴ�. ħ, �Ѿ�, �߳�, �鿪��ħ���� �������� ġ������ �̿��Ͽ� ȯ���� �������µ� �����ϰ� ġ���մϴ�.","���������� 1,2�� �ⱸ",��������,02-3400-1114,02-3400-1300,1730,1730,1730,1730,1730,1230,1600,1600,900,900,900,900,900,900,930,930,57,15,127.1234879,37.49641321,15:07.0
A1100001,����Ư���� ���빮�� ������ 23 (ȸ�⵿),A,���պ���,G006,���������ǷἾ��,1,"10/1 (ȭ) �ӽð�����, 10/3 (��) ��õ�� : 09:30-13:00",������Ա��� 2�� �ⱸ 100 ���� �̳��Դϴ� . ����2���� ������ �����ϴ� .,�������� 4���ⱸ �ĸ��ٰ�Ʈ �ǹ�,������б�����,02-958-8114,02-958-8114,1730,1730,1730,1730,1730,1230,1800,1500,830,830,830,830,830,900,900,1000,24,47,127.0518322,37.59387655,15:07.0
A1100014,"����Ư���� ���α� ���ε��� 148, ������μӱ��κ��� (���ε�)",A,���պ���,G001,�ǿ������ǷἾ��,1,���ɽð� 13:00~14:00,"�߰�����  - ��~��: 20�ñ���, ��: 17�ñ���",���α�û �α�,�������б��ǰ����кμӱ��κ���,02-2626-1114,02-2626-1550,1730,1730,1730,1730,1730,1200,1600,1600,900,900,900,900,900,900,1030,1030,83,8,126.8847449,37.49211115,15:08.0
A1100026,"����Ư���� ���α� ���η� 427, ���μ��ɺ��� (��ô��)",A,���պ���,G007,���������Ƿ���,1,���ɽð� 13:00~14:00,"�ȳ��ϼ���? �ְ��� ġ�ᰡ �� �� �ֵ��� �ּ��� ���ϴ� �������ǿ��Դϴ�. �Ӹ�����, ƽ���, ��Ų����, ��ũ ���� ��ȯ�� ġ���մϴ�.",���Ͽ� 2�� �ⱸ ��ô ��ī�� ������ ������,���μ��ɺ���,02-2067-1500,02-2067-1515,1730,1730,1730,1730,1730,1230,1800,1800,900,900,900,900,900,900,900,900,82,23,126.8663604,37.49964579,15:08.0
A1100052,"����Ư���� �߱� ������ 245, �����߾��Ƿ�� (������6��)",A,���պ���,G006,���������ǷἾ��,1,�����ð� : ���� 08:30~17:00 / ����� 08:30~12:00 ����ð� : ���� 09:00~17:00,"�ܷ� 30���� ��������/������� �Ϻΰ��� �����ϸ�, ����� ������ ������ᰡ ����� �� ������ �ȳ���ȭ�� ���� �� �����Ͻñ� �ٶ��ϴ�.  �� 1588-1775(ARS �ȳ�)",���빮���繮ȭ������ 13���ⱸ ����5��,�����߾��Ƿ��,02-2260-7114,02-2276-2114,1700,1700,1700,1700,1700,1200,1300,1500,830,830,830,830,830,830,800,930,45,64,127.0057954,37.56733956,15:08.0
A1122033,"����Ư���� ���ʱ� �����߾ӷ� 4, ��ݺ��� (���ʵ�)",A,���պ���,G009,���޽ǿ�Ű����,1,"10/3(��) ��õ�� ��������  10/4(��) �������� * ���޽��� 365�� 24�ð� �������� �� ���޼��� �����մϴ�.   (����, �㳶, �㼮, �Ҿ�������ȯ, ������, ��õ��, ���޴���� �� ���� ����) 10/5(��)~10/7(ȭ) �߼�����, 10/8(��) ��ü������ �� 10/9(��) �ѱ۳����� ���� ���� �������� �� ���޼����� �����մϴ�.","���Ǻ��������� �����Ƿ���, �ܰ��������պ��� ��ݺ����Դϴ�.  ���޽��� 365�� 24�ð� ��Ǹ� ����, �㳶, �㼮, �Ҿ�������ȯ, ������, ��õ��, ���޴���� �� ���޼����� �����մϴ�.  �ǰ��������ʹ� �����͹̳ο� 3���ⱸ �������ڼ��� 12-13���� ��ġ�ϰ� �ֽ��ϴ�.",�浿�� 3���ⱸ/�浿��Ÿ� �α�,��ݺ���,02-570-1234,02-570-1212,1700,1700,1700,1700,1700,1300,1630,1700,830,830,830,830,830,830,1000,830,67,25,127.0180635,37.48271303,15:09.0
A1100048,"����Ư���� ����� �ѱۺ񼮷� 68, �������� (�ϰ赿)",A,���պ���,G006,���������ǷἾ��,1,���� 13:00-14:00 �ްԽð�,�Ϲ�����/�̿뼺��/����/,�ϰ迪 3�� �ⱸ,����������б�����,02-970-8000,02-970-8282,1730,1730,1730,1730,1730,1230,1630,1500,830,830,830,830,830,830,930,900,18,30,127.0700028,37.63644293,15:10.0
A1100044,����Ư���� �߶��� �簡����49�� 53 (���),A,���պ���,G007,���������Ƿ���,1,,�Ϲ�����/�̿뼺��/����/,�簡���� 1�� �ⱸ/��ġ��̰��� ��,�������,02-490-2000,02-490-2113,1730,1730,1730,1730,1730,1230,1630,1500,830,830,830,830,830,830,930,900,22,21,127.0860555,37.58362084,15:10.0
A1100037,"����Ư���� �������� ������ 657 (�븲��, �븲���𺴿�)",A,���պ���,G007,���������Ƿ���,1,�ްԽð� 13:00~14:00,�����ܰ� �����ǰ� �����ϴ� �����ܰ� �ǿ��Դϴ�.,���ε����д����� 6�� �ⱸ ���� 10��,�븲���𺴿�,02-829-9000,02-829-9129,1730,1730,1730,1730,1730,1230,1500,1500,830,830,830,830,830,830,900,900,74,42,126.9071695,37.49068925,15:11.0
A1123234,"����Ư���� ������ ������ 404, ���帲���� (��ġ��)",B,����,G009,���޽ǿ�Ű����,1,���޽� 00:00-24:00,"�������� ��ġ�� ����������ΰ��� �Ｚ���ﺴ�� ����� ������ ���ǻ簡 1:1 �����̹��� ���� ������ ġ����� ���� �����մϴ�. ����, ��� �Ƿ����� ����ΰ� ������ ���ǻ�� ������ ������ ����ϴ� ������ ����� �Ƿ°� ���Ͽ�� ȯ�ں��� �� ���� ������ �ÿ��ϰ� �ذ��ص帮�� ����������ΰ��� �ǰڽ��ϴ�.",�ϻ翪 2���ⱸ,���帲����,02-1661-1177,1661-1177,1800,1800,1800,1800,1800,1300,1400,1300,900,900,900,900,900,900,1000,900,61,98,127.0509673,37.50099026,15:11.0
A1100024,"����Ư���� �������� ������ 156, �������𺴿� (�븲��)",A,���պ���,G007,���������Ƿ���,1,���ɽð� ���� ����,���Ǻ����� ���� ������ �������� ( ���պ��� ),�븲�� 11�� �ⱸ,�������𺴿�,02-1899-1475,02-829-7800,1800,1730,1800,1730,1730,1230,1300,1600,830,830,830,830,830,830,900,930,74,17,126.8992545,37.49385071,15:14.0
A1100046,����Ư���� ������ ������ 295 (���߻굿),A,���պ���,G009,���޽ǿ�Ű����,1,���޺и� 02-2007-1021,"���պ����̸� ����ΰ� ���������Դϴ�. ��������� �Ҿ�û�ҳ��,���к񳻰�,��ȭ�⳻��,���峻��,����Ƽ������,�������а�,�����а�,�ܰ�,�������а�,�����������а�,������,���ܰ˻����а� �������ͷδ� Miz�и�����,���̵帲����(����),Ű���,�����漾��,���漾��,��ȭ�⳻�ð漾��,���ΰǰ��������� �.",�б����ε����� 2�� �ⱸ�� û�㿪 9�� �ⱸ ����/û���Ÿ� �α�,����޵𺴿�,1588-2701,02-2007-1118,1700,1700,1700,1700,1700,1230,1300,1600,830,830,830,830,830,830,900,900,76,39,126.8360254,37.55225379,15:14.0
A1100036,"����Ư���� ������ ���״�� 389, �ικ��� (���̵�)",A,���պ���,G007,���������Ƿ���,1,���ɽð� 12:30~14:00,"����, �Ҿư�, �̺����İ�, �Ǻΰ�",���⵿�� 2�� �ⱸ,�ικ���,1577-7582,02-2620-0119,1800,1700,1700,1700,1700,1300,1700,1400,900,900,900,900,900,900,1300,900,75,90,126.8509495,37.55694089,15:16.0
A1100148,"����Ư���� ���Ǳ� ���μ�ȯ�� 1860, -1,1,3,4,5�� (��õ��,  )",B,����,G009,���޽ǿ�Ű����,1,���Ͼ߰�/�Ͽ���/������ - ���޽� ���� ����,�ǰ�������/�ΰ������ � ������Ź���� �ں�/���� ��������,2ȣ�� ������Ա��� 1���ⱸ 200m,����Ǻ���,02-880-0114,02-880-0119,1800,1800,1800,1800,1800,1300,1700,1230,900,900,900,900,900,900,900,900,87,89,126.9562858,37.47962478,15:17.0
A1100010,"����Ư���� ������ �Ͽ��� 81 (�Ͽ���, �Ｚ�Ƿ��)",A,���պ���,G006,���������ǷἾ��,1,"�ްԽð� 13:00-14:00(��,����� ����) �������� ��,ȭ,�� 17:50/ �� 19:50/ ��,�� 12:50 ���� ���� 10�� ������ ���� �� ���� �����մϴ�.",�ܷ�����ð��� ������� �,�Ͽ��� 1�� �ⱸ,�Ｚ���ﺴ��,02-3410-2114,02-3410-2060,1530,1530,1530,1530,1530,1300,1600,1300,830,830,830,830,830,900,1000,830,63,51,127.0866825,37.48851613,15:17.0
A1100021,����Ư���� ���빮�� ����� 82 (�ְ浿),A,���պ���,G006,���������ǷἾ��,1,�ްԽð� 12:30-13:30,"�񴢱��,�Ǻΰ� Ŭ����",ȸ�⿪ 2�� �ⱸ,�������ﺴ��,02-2244-0191,02-2210-3566,1700,1700,1700,1700,1230,1300,1700,1700,900,900,900,900,900,900,900,900,25,0,127.0653288,37.587992,15:17.0
A1100017,����Ư���� ���α� ���з� 101 (���ǵ�),A,���պ���,G001,�ǿ������ǷἾ��,1,�����޹�(���� �Ͽ���),������б����� ġ������� ������б� ġ�������� ���� �� ���� ���� �ʿ�,��ȭ�� 3�� �ⱸ,������б�����,02-1588-5700,02-2072-2475,1800,1800,1800,1800,1800,1330,1400,1400,800,800,800,800,800,800,900,900,30,80,126.9989631,37.57966609,15:18.0
A1107402,����Ư���� ���α� ���з� 101 (���ǵ�),M,ġ������,G009,���޽ǿ�Ű����,1,�����޹�(���� �Ͽ���),�ǰ�����������/�Ϲ�����Ұ�,4ȣ�� ��ȭ�� 3�� �ⱸ,������б�ġ������,1522-2700,02-6256-3362,1600,1600,1800,1600,1600,1100,1400,1400,900,900,900,900,900,900,900,900,30,80,126.9971964,37.58045239,15:18.0
A1100050,"����Ư���� ���빮�� �ջ�� 259, ���Ｚ�ɺ��� (û������)",A,���պ���,G007,���������Ƿ���,1,"13:00~14:00 ���ɽð�  �Ŵ� 1,3��° �Ͽ��� ���� �޹�","�ܷ�x, �Կ��� ����",û������ 3�� �ⱸ,���Ｚ�ɺ���,02-966-1616,02-966-1616,1740,1730,1740,1730,1740,1300,1700,1300,900,900,900,900,900,900,900,1000,24,88,127.0498381,37.58419129,15:18.0
A1100029,"����Ư���� ���α� �����ȷ� 9, �����ں��� (��)",A,���պ���,G007,���������Ƿ���,1,�ްԽð� 13:00-14:00(����� ����) �����޹�(���� �Ͽ���),�׹�(����)/��������/����/����/�����ð�/���峻�ð�/����/ȭ��/Ż��,���빮 ��Ÿ� ����ö 5ȣ�� ���빮�� 4�� �ⱸ 10����,���������ں���,02-2002-8000,02-2002-8888,1730,1730,1730,1730,1730,1400,1300,1300,830,830,830,830,830,930,800,800,31,81,126.9669986,37.56715536,15:19.0
A1100022,����Ư���� ���빮�� ���з� 124 (��ε�),A,���պ���,G007,���������Ƿ���,1,�Ŵ� 3��° �Ͽ��� ���� �޹�,���� ���������� �ǰ�����+����+������ �����ϴ� �����Ƿ����Դϴ�.,���⵿�� 6�� �ⱸ,����Ư���õ��κ���,02-920-9114,02-920-9119,1730,1730,1730,1730,1730,1400,1400,1600,900,900,900,900,900,900,1000,900,25,84,127.0314026,37.57539886,15:20.0
A1100040,����Ư���� ���۱� ����ŷ�5�� 20 (�Ŵ�浿),A,���պ���,G006,���������ǷἾ��,1,�Ŵ� 3��° �Ͽ��� ���� �޹�,���� ���������� �ǰ�����+����+������ �����ϴ� �����Ƿ����Դϴ�.,���⵿�� 6�� �ⱸ,����Ư���ú���ź���,02-870-2114,02-870-2119,1700,1700,1700,1700,1700,1200,1400,1600,900,900,900,900,900,900,1000,900,70,61,126.9240488,37.4937184,15:20.0
A1100223,����Ư���� ��õ�� ��������1�� 20 (������),A,���պ���,G007,���������Ƿ���,1,���� �ð� 08:30~16:30,������������. ġ������. ��Ȱġ��,���������Ͽ콺 ����Ʈ �α�,����Ư���ü�������,1566-6688,02-6300-9129,1730,1730,1730,1730,1730,1200,1400,1600,900,900,900,900,900,900,1000,900,80,49,126.8331299,37.51201936,15:20.0
A1100035,����Ư���� �߶��� �ų��� 156 (�ų���),A,���պ���,G001,�ǿ������ǷἾ��,1,���� �ð� 08:30~16:30,���ް���ȯ�ڴ� ���Ͼ��� 24�ð� ����������,��ȭ�꿪 3�� �ⱸ/�ų��� 1�� �ⱸ,����Ư���ü����Ƿ��,02-2276-7000,02-2276-7000,1730,1730,1730,1730,1730,1200,1400,1600,900,900,900,900,900,900,1000,900,20,53,127.0980911,37.61286932,15:20.0
A1100172,"����Ư���� ���ϱ� ������ 374 (����, �������뺴��)",A,���պ���,G009,���޽ǿ�Ű����,1,"�Ͽ���, ������ �޹� ���޽��� 365�� 24�ð� ���� �   ���ɽð� 13:00~14:00 08/15 ������ �Ϲ����� �޹�","24�ð� �������� �� ���޼����ϸ�. Ư�� ���������� �������, ����, ����,�Ű��������� ����, ���� �� Ż������ �� ����, ��� �� ������,.������.��Ÿ������ �ΰ���������, ô��ü���� �� ��ũ�Ŀ� ����, ����.Ż��.�㼮�� ���������,  ��Ÿ MRI.CT.������.�����峻�ð�� �˻�.",4ȣ�� ������ 1�� �ⱸ(���ϱ�û ��Ÿ�),�������뺴��,02-1588-6853,02-902-9119,1800,1800,1800,1800,1800,1300,1400,1730,900,900,900,900,900,900,1000,900,10,56,127.0285044,37.64025592,15:20.0
A1100028,����Ư���� ������ ���ȷ� 150 (�浿),A,���պ���,G006,���������ǷἾ��,1,"���������� ������ 40�� ��, 12:30~13:30 ���ɽð�",ġ���ǿ�,������ 2�� �ⱸ,�����Ƿ���ܰ������ɺ���,02-2224-2114,02-2224-2358,1730,1730,1730,1730,1730,1230,1200,1400,830,830,830,830,830,830,900,900,53,55,127.1352635,37.53598408,15:21.0
A1100054,"����Ư���� �������� ���Ǵ���53�� 22 (�ű浿, ���ֺ���)",A,���պ���,G006,���������ǷἾ��,1,���ɽð�:12��~13��30��,"���Ű漾��, ��ȭ�⳻�ð漾��, �������� ���� ��ϰ� ������ ���޽������ü� ����, �����ǷἾ�ʹ� 24�ð� ������ ���� ���� ����.",��濪 3�� �ⱸ,�����Ƿ���ܼ��ֺ���,02-840-7114,02-840-7115,1730,1730,1730,1730,1730,1300,1200,1800,900,900,900,900,900,900,900,930,73,54,126.9223673,37.51205045,15:21.0
A1100032,����Ư���� ���α� ���Ϸ� 256 (���ǵ�),A,���պ���,G007,���������Ƿ���,1,���� 13:00-14:00 �ްԽð�,"365�� ����, �Ҿư� �����մϴ�. ������ 9�ú��� 23�ñ��� �ָ� �������� 9�ú��� 21�ñ��� �����մϴ�.",�������� 1�� �ⱸ,��������,02-737-0181,02-737-0181,1800,1800,1800,1800,1800,1230,1400,2130,900,900,900,900,900,900,1000,900,30,30,126.9577072,37.57534017,15:21.0
A1100004,����Ư���� ��걸 ������ 59 (�ѳ���),A,���պ���,G006,���������ǷἾ��,1,���ɽð�: 13-14��,��/��/����(��� �㸮 ����),ȿâ�����տ� 2���ⱸ �ݾ��� ������,��õ����б� �μ� ���ﺴ��,02-709-9114,02-709-9117,1700,1700,1700,1700,1700,1200,1400,1400,900,900,900,900,900,900,930,900,44,1,127.004418,37.53384172,15:22.0
A1100063,"����Ư���� ������ ������ 110, ��2��~6�� (�ż���)",B,����,G009,���޽ǿ�Ű����,1,���޽��� 24�ð� �,"���� ���͸� ��ġ ����,����,�Ű� �� �̼����� ���� ���� ����. 24�ð� 365�� ���޽� �","���̿� 7, 8�� �ⱸ",���̿�������,02-337-7582,02-337-7582,1700,1700,1700,1700,1700,1230,1500,1700,830,830,830,830,830,830,900,930,40,94,126.9337347,37.55258927,15:22.0
A1100045,"����Ư���� �������� ��������36�� 13 (��������4��, �湫����)",A,���պ���,G009,���޽ǿ�Ű����,1,���ɽð� 13:00~14:00 �������� 30�� �� ���� ����,"CM������ 68���� ������ ���� ���պ������μ� �����ܰ�1~11, ����1~3, ����ΰ�,  �Ϲݿܰ�, �Ű��, �����������а�, ���ܰ˻����а�, �����������а�, �ǰ��������� ���߰� �ֽ��ϴ�.",�������ҹ漭 ���� ������ Ÿ�ӽ����� ������,��������,02-2678-0001,070-4698-7811,1730,1730,1730,1730,1730,1230,1400,1200,900,900,900,900,900,900,1000,930,73,1,126.9036798,37.51884833,15:23.0
A1100015,"����Ư���� ������ ���ַ� 211, ��������������� (���)",A,���պ���,G006,���������ǷἾ��,1,���ɽð� 13:00~14:00,�Ҿ�û�ҳ�� ����ð�: 09:00~22:00 (�� 16���̸� ������ ��ȯ),"��Ƽ�� 6�� �ⱸ, ������ ��",�������б��ǰ����а��������������,02-2019-3114,02-2019-3333,1730,1730,1730,1730,1730,1230,1430,2200,830,830,830,830,830,830,930,900,62,73,127.0463125,37.49280698,15:24.0
A1100007,����Ư���� ���빮�� ������ 50-1 (���̵�),A,���պ���,G006,���������ǷἾ��,1,���ɽð� 13:00~14:00,�Ҿ�û�ҳ�� ����ð�: 09:00~22:00 (�� 16���̸� ������ ��ȯ),2ȣ�� ���̿� 1���ⱸ ��Ʋ���� �̿� �Ǵ� 3�� �ⱸ 10�� �Ÿ�/�߾Ӽ� ���̿� 2�� �ⱸ,�������б��ǰ����м����������,02-2228-0114,02-2227-7777,1730,1730,1730,1730,1730,1230,1430,2200,830,830,830,830,830,830,930,900,37,22,126.9408277,37.56211711,15:24.0
A1100042,����Ư���� ������ �ϴñ� 70 (���ص�),A,���պ���,G009,���޽ǿ�Ű����,1,�ްԽð� 13:00-14:00,����ġ�� �ּ����� ô�� ���� ���� ����������� �츮�麴��,1)����ö �������׿� ������ �ѱ����װ��� �ⱸ���� 200m 2)���� ������ �ѱ����װ��������� 100m,�츮�麴��,02-2660-7500,02-2660-7057,1730,2000,2000,1730,1730,1300,1300,1700,930,930,930,930,930,930,900,930,75,5,126.7963653,37.56199597,15:27.0
A1100152,����Ư���� ���� ������ 177 (������),B,����,G009,���޽ǿ�Ű����,1,24�ð� ���޽� ����,"����,����,ġ��,�������Ʒ� ����","6ȣ�� ���꿪 4���ⱸ, 3,6ȣ�� ���ų��� 6�� �ⱸ",���򿬼�����,02-388-8114,02-388-0119,1730,1730,1730,1730,1730,1230,1800,1800,830,830,830,830,830,830,1000,1000,33,34,126.9174722,37.61469222,15:28.0
A1100025,"����Ư���� ���빮�� ����� 272, ���ź��� ������ (ȫ����)",A,���պ���,G007,���������Ƿ���,1,"�ްԽð� 12:30-13:30(��,����� ����) �ǰ����� ��, ȭ, ��, �ݿ��� 07:00-16:00 / ��, ����� 07:00-10:00","30�� �� ���� ����, �ĵγ��ð����� �̹����� ���� ����",���빮��û�� ������ �α�,�Ƿ���ε����Ƿ���ܵ��ź���,02-396-9161,02-396-9161,1730,1730,1730,1730,1730,1230,1330,1300,900,900,900,900,900,900,930,900,36,53,126.9365831,37.58110428,15:28.0
A1100041,"����Ư���� ���Ǳ� ���μ�ȯ�� 1636, �������� (�Ÿ���)",A,���պ���,G006,���������ǷἾ��,1,�����޹�(���� �Ͽ���),26���� 289���� � ���պ���,���� ���Ǳ� �Ÿ��� �Ÿ���Ÿ����� ��������100����(����ö2ȣ��1���ⱸ),�Ƿ���μ���ȿõ�Ƿ���ܿ���ġ�÷�����������,02-1877-8875,070-4665-9119,1730,1730,1730,1730,1730,1230,1330,1300,830,830,830,830,830,830,930,900,87,79,126.9325392,37.48427507,15:28.0
A1100030,"����Ư���� ���ϱ� ������ 301 (������, ���Ѻ���)",A,���պ���,G009,���޽ǿ�Ű����,1,,����ġ�� ����,����ö 4ȣ�� ������ 5�� �ⱸ�� ������� 3�аŸ�,�Ƿ���μ�ȭ�Ƿ���ܴ��Ѻ���,02-903-3232,02-905-9110,1800,1800,1800,1800,1800,1300,1700,1700,900,900,900,900,900,900,1000,1000,10,81,127.0226725,37.63547043,15:28.0
A1100255,����Ư���� �������� ����31�� 10 (��굿3��),B,����,G009,���޽ǿ�Ű����,1,���޽� 24�ð� ����,"�Ƿ���� �츮���̵麴���� ���� �����ǿ� ���ʷ� ������ ��� �������μ�, 20���� �Ҿ�û�ҳ� ������(�Ҿƿ������а�, �ҾƳ��к��, �Ҿ�û�ҳ� ���Űǰ����а�, �Ҿƽ����, �Ҿ�ġ��)�� 130�� ���� ���� �������� �Բ� �츮���̵��� �ǰ��� å������ �ֽ��ϴ�.",��������û�� 3�� �ⱸ  ��������û ��,�Ƿ�����κ��Ƿ���ܿ���������,02-2635-2809,02-2632-0013,1730,1730,1730,1730,1730,1230,2400,2400,830,830,830,830,830,830,0,0,72,56,126.895614,37.52685809,15:28.0
A1100023,����Ư���� ���� ���Ϸ� 873 (������),A,���պ���,G007,���������Ƿ���,1,�ްԽð� 13:00-14:00(����� ����) �����޹�(���� �Ͽ���),"������, ��Ų����, ġ�Ÿ� ����� ���μ���ȯ�� ������ �Ű��, ��Ȱ���� �� ���峻��, �ѹ�� �����մϴ�. [������Ȱġ��, �Ű��Ưȭ, �ΰ������, ���ѹ�����, �����Ƿ���, ��������1���, �ҹ����������������]",���ų��� 7�� �ⱸ,�Ƿ����û�����ɺ���,02-350-3300,02-383-0129,1730,1730,1730,1730,1730,1220,2100,1300,830,830,830,830,830,830,900,900,33,30,126.919554,37.62079154,15:28.0
A1100075,"����Ư���� �߶��� ����� 511, �������Ϻ��� ����1~6�� (���쵿)",A,���պ���,G007,���������Ƿ���,1,���޽ǿ�ð� : 24�ð�,�ǰ��������͸� ������ ��� ������� 08��(���� 8��) ���� �����մϴ�.,7ȣ�� ����� 5���ⱸ���� ����������� ž��,�Ƿ����ǳ���Ƿ���ܵ������Ϻ���,02-437-5011,02-490-8880,1730,1730,1730,1730,1730,1230,2100,1300,800,800,800,800,800,800,900,900,20,63,127.1090292,37.60067565,15:28.0
A1100020,"����Ư���� ������ ����õ�� 308, ���Ϻ��� (�ֹ���)",A,���պ���,G006,���������ǷἾ��,1,������� �ѽ��� �ߴ�,�Ƿ�����ѱ��Ƿ����,�ֹ��� 3�� �ⱸ,�Ƿ���������Ƿ�������Ϻ���,02-901-3114,02-901-3119,1730,1730,1730,1730,1730,1230,2100,1300,900,900,900,900,900,900,900,900,14,50,127.0290242,37.6461157,15:28.0
A1100005,����Ư���� ��õ�� �Ⱦ�õ�� 1071 (��),A,���պ���,G001,�ǿ������ǷἾ��,1,�ްԽð� 12:30-14:00(����� ����) �����޹�(���� �Ͽ���),���� �ܷ�����ð� ������� ���̿,"��꿪, ��������û��, ���񱳿����� ��Ʋ���� �̿�",��ȭ���ڴ��б��ǰ����кμӸ񵿺���,02-2650-5114,02-2650-5911,1730,1730,1730,1730,1730,1200,1800,1300,800,800,800,800,800,900,1000,900,79,85,126.886216,37.53654283,15:29.0
A1120796,"����Ư���� ������ ���״�� 260, ��ȭ�Ǵ�μӼ��ﺴ�� (���)",A,���պ���,G006,���������ǷἾ��,1,�ްԽð� 12:30-14:00(����� ����) �����޹�(���� �Ͽ���),���� �ܷ�����ð� ������� ���̿,"��꿪, ��������û��, ���񱳿����� ��Ʋ���� �̿�",��ȭ���ڴ��б��ǰ����кμӼ��ﺴ��,1522-7000,02-6986-5119,1700,1700,1700,1700,1700,1200,1800,1300,830,830,830,830,830,830,1000,900,78,4,126.8362659,37.55726115,15:29.0
A1100016,"����Ư���� ����� ���Ϸ� 1342, ���麴�� (��赿)",A,���պ���,G006,���������ǷἾ��,1,"����ΰ� ����ð� ����, ����ΰ� �������� �� �и��� 24�ð� �����մϴ�. �Ҿ�û�ҳ�� �� ������ ���� �ð� �ٸ��Ƿ� ��ȭ ���� �� ���� �ٶ��ϴ�.","�ȳ��ϼ��� ��ǿ� 9���ⱸ �� �ξ����ǿ��Դϴ�. �׻� ������ ���� ġ���ϰ� �ֽ��ϴ�.  ������ �Ϲ� �� ��� ���� �� ħ��ġ��, ��ħ, �߳�ġ�Ḧ ���ַ� �ϰ�������,  �׿� ������ȯ, �ڵ�������ġ��, �Ǻ���ȯġ��, ���İ���, ����� ����ġ�Ḧ �ַ� �ϰ� �ֽ��ϴ�.  ���๮�� 02-2042-7582 īī��ID : Bphani",�߰迪 1�� �ⱸ,�������б����麴��,02-950-1114,02-950-1119,1700,1700,1700,1700,1700,1200,1700,1300,830,830,830,830,830,830,930,900,17,57,127.0631162,37.64858127,15:29.0
A1100033,����Ư���� �߱� �������� 9 (����2��),A,���պ���,G007,���������Ƿ���,1,"����ΰ� ����ð� ����, ����ΰ� �������� �� �и��� 24�ð� �����մϴ�.","�ȳ��ϼ��� ��ǿ� 9���ⱸ �� �ξ����ǿ��Դϴ�. �׻� ������ ���� ġ���ϰ� �ֽ��ϴ�.  ������ �Ϲ� �� ��� ���� �� ħ��ġ��, ��ħ, �߳�ġ�Ḧ ���ַ� �ϰ�������,  �׿� ������ȯ, �ڵ�������ġ��, �Ǻ���ȯġ��, ���İ���, ����� ����ġ�Ḧ �ַ� �ϰ� �ֽ��ϴ�.  ���๮�� 02-2042-7582 īī��ID : Bphani",������3���� 12�� �ⱸ,�������б�����麴��,02-2270-0114,02-2270-0119,1700,1700,1700,1700,1700,1200,1300,1300,830,830,830,830,830,900,900,900,45,51,126.9888453,37.56507317,56:06.0
A1122381,����Ư���� ������ �սʸ��� 382 (�Ͽսʸ���),A,���պ���,G009,���޽ǿ�Ű����,1,����ġ�� ~21�ñ���,9:30~10�� ������ ���� ��������.(������ȭ��),���濪 7�� �ⱸ �α�,��ܹ��κ���Ƽ����ܺ���Ƽ�ȼ��ﺴ��,02-3452-7575,02-6211-7965,1800,1800,1800,1800,1800,1300,1500,1500,900,900,900,900,900,900,900,900,47,1,127.0280198,37.56511028,15:30.0
A1100018,"����Ư���� ������ ����� 429 (��ġ��, ����Ƽ�Ⱥ��� 2���Ϻ� ����)",A,���պ���,G009,���޽ǿ�Ű����,1,"���������Ƿ��� ���(�����ݳ�, 2018.06.01.)",���Ǻ��������� ȭ����ȯ �������� �� ���պ��� - ���޽ǿ����� ȭ������ �� �巹�����ַ� �����մϴ�. ������ ���ᰡ�ɿ��� Ȯ�� �� �湮���ּ���,��Ƽ�� 2���ⱸ,��ܹ��κ���Ƽ����ܺ���Ƽ�ȼ��ﺴ��,02-3452-7575,070-7609-9902,1800,1800,1800,1800,1800,1300,1500,1500,900,900,900,900,900,900,900,900,62,8,127.0572671,37.49807127,53:31.0
A1100009,"����Ư���� ���ı� �ø��ȷ�43�� 88, ����ƻ꺴�� (ǳ����)",A,���պ���,G006,���������ǷἾ��,1,�������� �������Ḹ ���� ����� �����ܰ�,9:30~10�� ������ ���� ��������.(������ȭ��),��ǳ��翪 ��Ʋ����,��ܹ��ξƻ��ȸ������ܼ���ƻ꺴��,02-3010-3114,02-3010-3333,1730,1730,1730,1730,1730,1300,1500,1500,830,830,830,830,830,900,900,900,55,5,127.1082383,37.52656397,15:30.0
A1100003,����Ư���� ���۱� �漮�� 102 (�漮��),A,���պ���,G006,���������ǷἾ��,1,���ɽð� 13:00~14:00,���ɽð� 1~2�� �������� ��ȭ Ȯ�� �� �湮,����ö 9ȣ�� �漮�� 4�� �ⱸ���� ���� 3��,�߾Ӵ��б�����,1800-1114,02-6299-1338,1630,1630,1630,1630,1630,1200,1300,1900,830,830,830,830,830,830,900,900,69,73,126.9607938,37.50707428,15:31.0
A1100057,"����Ư���� ������ ������ 566, ����������(���ﵿ650-9, 606-4, 605��2����(����7��~����1��, ����2��~7��)) (���ﵿ)",A,���պ���,G009,���޽ǿ�Ű����,1,�����ǻ� ����� ���� ���� �Ұ� ( ���ΰ� ������ ����),#NAME?,"���ֿ� 5, 6�� �ⱸ",���ǰ��д��б�����������,02-3468-3000,02-3468-3060,1730,1730,1730,1730,1730,1230,1230,1400,830,830,830,830,830,830,830,900,61,35,127.0346687,37.50680003,15:31.0
A1117070,"����Ư���� ���� �������� 45, �ֿ�ȣ���� (�����)",B,����,G009,���޽ǿ�Ű����,1,���ɽð� 12:30 ~ 13:30,"�ٸ�����, å��ġ�Ḧ �����ϴ� �ֿ�ȣ�����Դϴ�. 100������ ������ ����3��, ����9���� 100����Ը��� �����ܰ� ���� �������� ô��, ����, ���� �߽����� ������ �ǷἭ�񽺸� �����ϸ�,  ������ ������ ���հ�������, ��������Ȱ��, ����ġ����� � ���Դϴ�.",6ȣ�� ���̿� 4���ⱸ ���� 100M,�ֿ�ȣ����,02-1588-3797,02-3156-8119,1800,1800,1800,1800,1800,1300,1400,1400,900,900,900,900,900,900,1000,1000,34,59,126.9238558,37.60476959,15:32.0
A1100012,����Ư���� ���ʱ� ������� 222 (������),A,���պ���,G006,���������ǷἾ��,1,���ɽð� 13:00~14:00,"���� ��������, ġ�Ḹ�� �������� �ϴ� ���� ���� �����Դϴ�. �̷��̵�����, ���ļ�����, ȭ������ �� ��� ������ �������ż����� �ϰ� ������, ū�����ż����� �����ϰ� �ֽ��ϴ�.  �����ܰ� �������Դϴ�.  �̺�Ʈ ���� ���� ȣ�������� ���� �ʽ��ϴ�. �׻� �����ϰ� ��������� ������ ���ϵ��� �ϰ� �ֽ��ϴ�.",�����͹̳ο� 3�� �ⱸ,�б����ΰ��縯�п����縯���б����Ｚ�𺴿�,215881511,02-2258-2370,1700,1700,1700,1700,1700,1200,2100,1300,800,800,800,800,800,800,900,900,65,91,127.0047273,37.5018008,15:34.0
A1100008,"����Ư���� ���ϱ� ������� 73, �����뺴�� (�Ⱦϵ�5��)",A,���պ���,G001,�ǿ������ǷἾ��,1,���ɽð� 13:00~14:00,"���� ��������, ġ�Ḹ�� �������� �ϴ� ���� ���� �����Դϴ�. �̷��̵�����, ���ļ�����, ȭ������ �� ��� ������ �������ż����� �ϰ� ������, ū�����ż����� �����ϰ� �ֽ��ϴ�.  �����ܰ� �������Դϴ�.  �̺�Ʈ ���� ���� ȣ�������� ���� �ʽ��ϴ�. �׻� �����ϰ� ��������� ������ ���ϵ��� �ϰ� �ֽ��ϴ�.",����ö 6ȣ�� �ȾϿ� ���� �� 1���ⱸ ���� 500m,�б����ΰ����߾��п��������б��ǰ����кμӺ���(�ȾϺ���),1577-0083,02-920-5374,1730,1730,1730,1730,1730,1200,2100,1300,830,830,830,830,830,800,900,900,28,41,127.0264709,37.58715608,15:34.0
A1100163,"����Ư���� �������� �������� 83, �Ѱ������� (����1��)",B,����,G009,���޽ǿ�Ű����,1,"�� 365�� ���Ͼ��� ȭ�� �� �ܻ�ġ�ᰡ �ʿ��� �е��̶�� �������� �Ѱ����������� ������� �� �ֽ��ϴ�.  **ȭ��ܻ���** [�߰�, �ָ�, ������ �ܷ���������] - ���� �߰����� : 19:00~20:00 - ��� �������� : 14:00~16:00 - �Ͽ���/������ �ܷ����� : 09:00~13:00  [365�� 24�ð� ���޽� �] *������ ���� *�ܷ����� �� ���޽� ���� �  ���Ό�� �� ���� : �� 1800-7119","�Ѱ��������� �������� �����ܰ� �����ǰ� ������ �Ǿ� ���� ȭ��Ưȭ�������� ȭ��ܻ���, ���ͼ�������, ��óġ�Ἶ��, ��ȰŬ���� ���� ��ϰ� �ִ�.  �����Ƿ����� �ٳⰣ �׾ƿ� ȭ��, �ܻ�, ��óġ�� ���Ͽ�� �����ϰ� ������ ���� �߻��� �� �ִ� ���ͱ��� �������̰� ü������ ġ�Ἥ�񽺸� �����ϰ� �ִ�.",�糲��Ÿ� �α�,�Ѱ�������,02-1800-7119,02-2063-8413,1800,1800,1800,1800,1800,1300,1300,1300,900,900,900,900,900,900,900,900,72,62,126.8909137,37.52240478,15:34.0
A1100053,����Ư���� ������ ��Ȳ����61�� 53 (���̵�),A,���պ���,G006,���������ǷἾ��,1,�ܷ�������� �Կ���㸸 ������,�ѱ����װ��� ������������ �����ҹ漾�� �Դϴ�.,9ȣ�� �߾Ӻ��ƺ����� 2�� �ⱸ,�ѱ����ƺ����Ƿ�����߾Ӻ��ƺ���,02-2225-1111,02-2225-1100,1730,1730,1730,1730,1730,1100,1300,1300,900,900,900,900,900,800,900,900,53,68,127.1467189,37.5282209,15:34.0
A1100027,"����Ư���� ����� ����� 75, �ѱ����ڷ����п� (������)",A,���պ���,G007,���������Ƿ���,1,�ްԽð� 13:00-14:00 �Ͽ��� �� ������ ���� ���ñ� ���� �̸� ��ȭ�� ���Ό�� �Ͻñ� �ٶ��ϴ�.,�������а�,������ 2�� �ⱸ ���� 10��,�ѱ����ڷ����п����ڷº���,02-970-2114,02-970-2620,1630,1630,1630,1630,1630,1300,1300,1300,830,830,830,830,830,900,900,900,18,12,127.0826932,37.62881598,15:34.0
A1100055,"����Ư���� �������� �ű�� 1 (�븲��, �������ɺ���)",A,���պ���,G006,���������ǷἾ��,1,"���ɽð� 13:00~14:00 9/16-9/18, 9/20-9/23 �޹�",���� 12:30~13:30,�븲��Ÿ� �α�,�Ѹ����б��������ɺ���,02-829-5114,02-829-5119,1630,1630,1630,1630,1630,1200,1500,1500,830,830,830,830,830,830,1000,1000,74,41,126.9086725,37.49324929,15:34.0
A1100038,"����Ư���� �������� ���峪���7�� 12 (��������7��, �Ѱ����ɺ���)",A,���պ���,G009,���޽ǿ�Ű����,1,����������� ������(���� �� ���� �ٶ�),���� 12:30~13:30,����Ư���� �������� ���峪���7�� 12 (�������� 7�� 94-200),�Ѹ����б��Ѱ����ɺ���,02-2639-5114,02-2639-5555,1630,1630,1630,1630,1630,1200,1500,1500,900,900,900,900,900,830,1000,1000,72,47,126.91033,37.52346675,15:34.0
A1100013,����Ư���� ������ �սʸ��� 222-1 (��ٵ�),A,���պ���,G001,�ǿ������ǷἾ��,1,�ްԽð� 13:00~14:00,������/����Ƽ�� ����/,"�Ѿ�뿪 1�� �ⱸ �սʸ���:6��,13�� �ⱸ->650M(����10��) �սʸ���:6-1�� �ⱸ->��Ʋ����2,3,4ȣ�� �̿�",�Ѿ���б�����,02-2290-8114,02-2290-8284,1730,1730,1730,1730,1730,1230,1330,1300,830,830,830,830,830,830,930,900,47,63,127.0448828,37.55994453,15:34.0
A1100051,����Ư���� ������ �ھ�� 85 (�ھ絿),A,���պ���,G007,���������Ƿ���,1,�ްԽð� 13:00~14:00(����� ����) �Ͽ��� �� ������ ����,24�ð� ������ ���ᰡ ������ ���� ���Ϻ� ���� ���������Դϴ�.,2ȣ�� ���ǿ� 4���ⱸ �������� 5�� �Ÿ�,���κ���,02-2049-9000,02-2049-9119,1730,1730,1730,1730,1730,1220,1300,1300,830,830,830,830,830,830,900,900,50,56,127.0836013,37.53531566,15:35.0
A1100019,"����Ư���� ��õ�� �񵿷� 225, ȫ�ͺ������� (������)",A,���պ���,G007,���������Ƿ���,1,������� ���ֱٹ��� ������ �������� Ȯ���� �ʿ��մϴ�.,�ĵγ��ð�O/����óġO,�񵿿� 2�� �ⱸ,ȫ�ͺ���,02-2693-5555,02-2600-0777,1800,1700,1700,1700,1700,1300,1400,1630,900,900,900,900,900,900,900,1030,79,37,126.863664,37.52844147,15:35.0
A1100049,����Ư���� ��õ�� ������ 244 (���ﵿ),A,���պ���,G007,���������Ƿ���,1,�ްԽð� 13:00~14:00,�̺����İ��� ����� ����,��õ��û�� 1�� �ⱸ,�������,02-804-0002,02-809-0122,1730,1730,1730,1730,1730,1230,1700,1400,830,830,830,830,830,830,1000,1000,86,26,126.9005625,37.45567063,15:36.0
